id;empresa;classe;codigo;nome;categoria_busca;categoria_label;preco;desconto;data;Descricao;info_envio;link_geral;link
13;AZ;ES;AZ13ES;WAP Extratora Port√°til Spot Cleaner W3, 3 em 1, Borrifa, Esfrega e Extrai, com Sistema de Autolimpeza, 1450W 127V;aspirador de p√≥;Eletrodom√©sticos;519.90;20.0;2025-11-29;Perfeita para tapetes, estofados, sof√°s, colch√µes, carpetes e at√© bancos de carros, proporcionando uma limpeza vers√°til.;;;https://amzn.to/4is9a5f
14;AZ;ES;AZ14ES;Fritadeira Airfryer S√©rie 1000 XL, Philips Walita, 6,2 litros, Tecnologia RapidAir, Preta, 2 anos de garantia, 110v - NA130/00;Fritadeira Airfryer;Eletrodom√©sticos;329.0;13.0;2025-11-17;Mais r√°pida, mais econ√¥mica e mais silenciosa.;;;https://amzn.to/3MaOeU5
15;AZ;ES;AZ15ES;Fritadeira Airfryer Forno Philips Walita, S√©rie 5000, 2 anos de garantia, 1600W, 110v - AI551/09;Fritadeira Airfryer;Eletrodom√©sticos;569.05;0.0;2025-11-17;Capacidade de 12 litros, ideal para preparar refei√ß√µes para toda a fam√≠lia.;;;https://amzn.to/4idtJlY
16;AZ;US;AZ16US;Stanley - Copo de cerveja isolado, copo empilh√°vel Stay Chill de 473 ml, para bebidas quentes ou frias;Copo;Utens√≠lios;76.0;25.0;2025-11-17;Bebida sempre gelada, dur√°vel e segura para m√°quina de lavar lou√ßas.;;;https://amzn.to/4o9wfLf
17;AZ;US;AZ17US;Stanley - Copo T√©rmico Everyday, 296ml, para Bebidas Quentes e Frias com Tampa, A√ßo Inoxid√°vel, Matte Black;Copo;Utens√≠lios;98.05;47.0;2025-11-18;Para bebidas quentes e frias.;;;https://amzn.to/4o6cXGF
18;AZ;US;AZ18US;X√≠cara Ch√° com Pires Orqu√≠deas Alleanza 250 ml 6 un;Jogo de x√≠caras;Utens√≠lios;99.9;0.0;2025-11-18;Feita com Cer√¢mica Feldsp√°tica, esta linha √© resistente, dur√°vel e f√°cil de limpar. A qualidade da cer√¢mica garante que suas refei√ß√µes sejam servidas com estilo e confian√ßa.;;;https://amzn.to/4oQMga6
19;AZ;US;AZ19US;X√≠caras de Ch√° 220 ml, com Pires, 6 Pe√ßas, Oxford, Ryo Blue Bay;Jogo de x√≠caras;Utens√≠lios;133.13;30.0;2025-11-18;Porcelana, pode ser usada em lava lou√ßas e microondas.;;;https://amzn.to/4oYOzru
20;AZ;ES;AZ20ES;Oster CAFETEIRA ESPRESSO OCAF900 DIGITAL, 127V;Cafeteira;Eletrodom√©sticos;549.91;0.0;2025-11-18;Prepara caf√© em p√≥ e capsula;;;https://amzn.to/43BzhR2
21;AZ;CO;AZ21CO;Kit Cobre Leito Colcha Boutis 3 Pe√ßas Matelado Ultrass√¥nico Estampado Dupla Face Porta Travesseiro Aba Americana Micro Percal 150 Fios (Isabel Areia, Casal);Roupa de cama;Cama, mesa e banho;85.0;0.0;2025-11-18;Tamanho casal;;;https://amzn.to/4i5BMRL
22;AZ;US;AZ22US;Suporte de Vassoura 2 em 1 Multiuso para Parede Rack de Armazenamento para Garagem Organizador de Ferramentas Jardim 5 Suportes 6 Ganchos;Suporte de vassoura;Utens√≠lios;29.57;39.0;2025-11-19;Para uma organiza√ß√£o eficiente com instala√ß√£o r√°pida.;;;https://amzn.to/3LKBJi4
23;AZ;ES;AZ23ES;Aspirador p√≥ vertical com fio port√°til de m√£o 2 em 1 1100W cabo 5m capacidade 1,2L filtro HEPA Electrolux STK12 preto 220v STK;Aspirador de p√≥;Eletrodom√©sticos;155.5;13.0;2025-11-19;Alta Pot√™ncia para Limpeza Eficiente: Com 1100W de pot√™ncia, garante excelente poder de suc√ß√£o para remover sujeiras de pisos, tapetes e superf√≠cies com rapidez e efici√™ncia.;;;https://amzn.to/3LKrV7H
24;AZ;PO;AZ24PO;Kit C/24 Bolas de Natal Lisas/Foscas/Glitter de 6cm - Dourado;Decora√ß√£o de Natal;Pendentes & Enfeites;59.99;0.0;2025-11-19;O kit de Bolas de Natal √© ideal para decorar a √°rvore, assim como guirlandas, fest√µes decorativos, arranjos de natal e diversas outras op√ß√µes devido sua versatilidade!;;;https://amzn.to/3XHCZoF
25;AZ;US;AZ25US;Conjunto Alleanza de 6 Xicaras Ch√° com Pires Birds, Padr√£o;Jogo de x√≠caras;Utens√≠lios;137.65;0.0;2025-11-19;Feita com Cer√¢mica Feldsp√°tica, esta linha √© resistente, dur√°vel e f√°cil de limpar. A qualidade da cer√¢mica garante que suas refei√ß√µes sejam servidas com estilo e confian√ßa.;;;https://amzn.to/4o5G5hk
26;AZ;US;AZ26US;Porcelana Schmidt Estojo com 6 X√≠caras Caf√© com Pires sem P√© em - Modelo Redondo com Relevo Pomerode;Jogo de x√≠caras;Utens√≠lios;76.86;22.0;2025-11-19;A leg√≠tima porcelana desde 1945Produto de Alta Qualidade, Beleza e Resist√™nciaServe at√© 6 pessoasModelo Redondo Pomerode, com RelevoX√≠cara de Caf√© 85 ml, sem p√©;;;https://amzn.to/4i4cGCC
27;AZ;AS;AZ27AS;Bolsa Termica Marmita Lancheira Grande Al√ßa Ombro Trabalho Passeio Academia Dois Andares (Bolsa Cinza);Bolsa t√©rmica;Acess√≥rios;36.89;0.0;2025-11-20;Leve e f√°cil de transportar! Mantenha suas refei√ß√µes quentes ou frias por horas! Vers√°til e funcional, pode ser usada como mochila! F√°cil de limpar, gra√ßas ao material de Oxford!;;;https://amzn.to/4r4X7yy
28;AZ;US;AZ28US;Kit 15 Potes Tampa Herm√©tico Porta Alimentos Mantimentos Arm√°rio Cozinha (Kit 15);Pote herm√©ticos;Utens√≠lios;116.8;6.0;2025-11-20;Organiza√ß√£o da cozinha - Mantenha sua despensa organizada com estes recipientes de pl√°stico sem BPA.;;;https://amzn.to/3JHasfV
29;AZ;US;AZ29US;Electrolux, Pote Hermetico, 12 unidades, A23122901, cinza;Pote herm√©tico;Utens√≠lios;79.97;17.0;2025-11-20;Feitos com material de alta qualidade e livres de BPA.Formatos inteligentes com tamanhos funcionais e empilh√°veis que facilitam a organiza√ß√£o na sua cozinha.;;;https://amzn.to/4a28r8x
30;AZ;AS;AZ30AS;Kit 5 Sacos para Lavar Roupas Delicadas na M√°quina de Lavar, Dur√°veis | Prote√ß√£o Total Contra Danos e Desgaste | Z√≠per Refor√ßado | Perfeito para Roupas √çntimas ‚Äì Qualidade Premium;Saco para lavar roupas;Acess√≥rios;21.9;12.0;2025-11-20;Para maiores cuidados com suas roupas, principalmente as delicadas.;;;https://amzn.to/44kdIVl
31;AZ;MS;AZ31ML;Carrinho Organizador Multiuso 3 Prateleiras Com Rodinhas/Estante/Fruteira (Preto);Carrinho organizador;M√≥veis;99.0;29.0;2025-11-20;Uso indicado escrit√≥rio, cozinha e banheiroBarra de ferroMontagem facilPodem ser colocados itens de lavanderia, escrit√≥rio, garagem ou banheiro.;;;https://amzn.to/3K68aHf
32;AZ;AS;AZ32AS;Kit Organizador de Malas 8 Pe√ßas Conjunto Organizador Mala Roupas Sapatos Maquiagem Acess√≥rios Bagagem Organizada kit Dobrav√©l Pr√°tico (Cinza);Bolsa organizadora;Acess√≥rios;49.41;10.0;2025-11-21;Organiza√ß√£o Total: Com 8 pe√ßas, seu kit mant√©m roupas, sapatos, maquiagem e acess√≥rios separados e sempre ao alcance.;;;https://amzn.to/485Bkyb
33;AZ;US;AZ33US;Suporte Organizador de Tampas, Cromado, 6 Divis√≥rias, Arthi;Suporte organizador;Utens√≠lios;35.99;11.0;2025-11-21;Design moderno Economiza Espa√ßoFuncional Protege as Tampas;;;https://amzn.to/3XythVI
34;AZ;US;AZ34US;Kit 5 Caixas Organizadoras com Tampa Pl√°stico Resistente Multiuso Arm√°rio Cozinha Lavanderia;Organizadores;Utens√≠lios;74.9;0.0;2025-11-21;Kit Completo com 5 Caixas Inclui 2 caixas de 2L, 2 caixas de 4,5L e 1 caixa de 17L ‚Äì ideal para organizar diferentes tipos de itens.;;;https://amzn.to/4o5JHQq
35;AZ;AS;AZ35AS;Cabides de madeira maci√ßa para terno ‚Äì Pacote com 20 ‚Äì com barra antiderrapante e entalhes cortados com precis√£o ‚Äì Gancho cromado girat√≥rio de 360 graus;Organizadores;Utens√≠lios;69.99;8.0;2025-11-21;Maximize o espa√ßo do seu arm√°rio e mantenha suas roupas, camisas, vestidos, jaquetas, ternos, cal√ßas, blusas e casacos em sua forma original com este luxuoso cabide de madeira de l√≥tus que economiza espa√ßo;;;https://amzn.to/3XzrMGL
36;MA;ES;MA36ES;"Smart TV 50"" TCL 4K UHD QLED 50P7K Google TV AiPQ Google Assistente 3 HDMI";TV;Eletroeletr√¥nicos;1813.55;0.0;2025-11-21;"A Smart TV TCL 50P7K de 50"" oferece uma experi√™ncia visual e inteligente. Ela combina tecnologia com recursos. Com a resolu√ß√£o 4K UHD e a tecnologia QLED oferece cores e um brilho.";;;https://divulgador.magalu.com/_zsC8YRu
37;AZ;HE;AZ37HE;Headset Gamer com Microfone e Som Potente;headset gamer fone de ouvido;Eletr√¥nicos & √Åudio;131.68;37.0;2025-11-22;Headset gamer com design elegante, som potente e graves marcantes, ideal para jogos e m√∫sicas por longas horas de uso.;;https://www.amazon.com.br/Headphone-Ouvido-HV-H2002d-Microfone-Falante/dp/B07Y2G7VX5?ref=dlx_black_dg_dcl_B07Y2G7VX5_dt_sl7_4a_pi&pf_rd_r=2M0V9Y2G7Z38E3JRBKV6&pf_rd_p=7b6891fe-2bf4-4d13-be1e-f0767faf374a;https://amzn.to/4rgST7d
38;AZ;EE;AZ38EE;Echo Dot 5¬™ Gera√ß√£o com Alexa e Som Potente;echo dot alexa assistente inteligente;Casa Inteligente & Assistentes Virtuais;303.05;0.0;2025-11-22;Echo Dot 5¬™ gera√ß√£o com Alexa, som potente e graves refor√ßados, perfeito para ouvir m√∫sicas, not√≠cias e controlar sua casa inteligente por voz.;;https://www.amazon.com.br/Echo-Dot-5¬™-gera√ß√£o-Cor-Preta/dp/B09B8VGCR8?ref=dlx_black_dg_dcl_B09B8VGCR8_dt_sl7_4a_pi&pf_rd_r=2M0V9Y2G7Z38E3JRBKV6&pf_rd_p=7b6891fe-2bf4-4d13-be1e-f0767faf374a&th=1;https://amzn.to/4a908rC
39;AZ;AA;AZ39AA;Aparador de Pelos Philips OneBlade Pro √† Prova d‚Äô√Ågua;aparador de pelos barba oneblade;Beleza & Cuidados Pessoais;279.9;43.0;2025-11-22;Aparador Philips OneBlade Pro com 12 ajustes de corte, leve e √† prova d‚Äô√°gua, ideal para aparar, contornar e raspar barba e pelos do corpo com praticidade.;;https://www.amazon.com.br/Aparador-Raspador-OneBlade-QP6532-10/dp/B0F3BKFZR7?ref=dlx_black_dg_dcl_B0F3BKFZR7_dt_sl7_4a_pi&pf_rd_r=2M0V9Y2G7Z38E3JRBKV6&pf_rd_p=7b6891fe-2bf4-4d13-be1e-f0767faf374a;https://amzn.to/4obGoXG
40;AZ;BA;AZ40BA;Bicicleta Spinning E16 Acte Sports para Treinos em Casa;bicicleta spinning ergom√©trica;Fitness & Esportes;920.0;42.0;2025-11-22;Bicicleta de Spinning E16 Acte Sports com roda de in√©rcia de 8 kg, regulagens completas e estrutura robusta para treinos de cardio em casa.;;https://www.amazon.com.br/Acte-Sports-E16-El√©trost√°tica-Multifun√ß√µes/dp/B07FMD7WC4?ref=dlx_black_dg_dcl_B07FMD7WC4_dt_sl7_4a_pi&pf_rd_r=2M0V9Y2G7Z38E3JRBKV6&pf_rd_p=7b6891fe-2bf4-4d13-be1e-f0767faf374a&th=1;https://amzn.to/4a5hwxu
41;AZ;ML;AZ41ML;Mala de Viagem Pequena Samsonite Varro Cinza Expans√≠vel;mala de viagem pequena r√≠gida;Malas & Bagagem;900.0;20.0;2025-11-22;Mala de viagem pequena Samsonite Varro com expansor, cadeado TSA e 8 rodas girat√≥rias, resistente e pr√°tica para viagens curtas e frequentes.;;https://www.amazon.com.br/Samsonite-Viagem-Varro-Cinza-Pequena/dp/B08M8JTM1P?ref=dlx_black_dg_dcl_B08M8JTM1P_dt_sl7_4a_pi&pf_rd_r=2M0V9Y2G7Z38E3JRBKV6&pf_rd_p=7b6891fe-2bf4-4d13-be1e-f0767faf374a&th=1;https://amzn.to/48bzGLj
42;AZ;PN;AZ42PN;PlayStation¬ÆVR2;playstationvr2;Playstationvr2;2429.1;;2025-11-23;PlayStationVR2 avan√ßa uma gera√ß√£o nos jogos de realidade virtual. DESEMPENHO DE PONTA Experimente visuais em 4K HDR4, campo de vis√£o de 110 graus e renderiza√ß√£o gr√°fica avan√ßada. TECNOLOGIA DO PLAYSTATION VR2 SENSE Vivencie sensa√ß√µes e emo√ß√µes reais com...;;https://www.amazon.com.br/PlayStation-CFI-ZVR1WX-PlayStation¬ÆVR2/dp/B0BP2TGK6W?ref=dlx_black_dg_dcl_B0BP2TGK6W_dt_sl7_4b_pi&pf_rd_r=YVXGCG2VWPFHXF6RERC8&pf_rd_p=126e34da-51c0-4c20-b447-6a9e1693434b;https://amzn.to/3Kg2tGN
43;AZ;GK;AZ43GK;GoPro HERO11 Black Mini ;gopro hero11 black;Gopro;1099.9;42.0;2025-11-23;5,3K60, 4K120, 2,7K240 e muito mais, C√¢mera oito vezes mais lenta, Captura de quadros de 24,7 MP, V√≠deo TimeWarp em 5,3K, Rastros de estrelas, Pintura com luz, Rastros de luzes de ve√≠culos, V√≠deo com lapso de tempo em 5,3K V√≠deo com lapso noturno em 5,3K,...;;https://www.amazon.com.br/C√¢mera-GoPro-HERO11-Black-Mini/dp/B0BKNL3F92?ref=dlx_black_dg_dcl_B0BKNL3F92_dt_sl7_4b_pi&pf_rd_r=YVXGCG2VWPFHXF6RERC8&pf_rd_p=126e34da-51c0-4c20-b447-6a9e1693434b;https://amzn.to/4a81D9p
44;AZ;SL;AZ44SL;Samsonite Mala de Viagem Upscape Preta Grande Expans√≠vel;samsonite mala viagem;Samsonite;649.0;39.0;2025-11-23;Com Expansor Cadeado TSA integrado Porta USB integrado;;https://www.amazon.com.br/Samsonite-Viagem-Upscape-Grande-Expans√≠vel/dp/B0C5JLD1XL?ref=dlx_black_dg_dcl_B0C5JLD1XL_dt_sl7_4b_pi&pf_rd_r=YVXGCG2VWPFHXF6RERC8&pf_rd_p=126e34da-51c0-4c20-b447-6a9e1693434b&th=1;https://amzn.to/4iiIzYm
45;AZ;PS;AZ45PS;Philips Walita Preta Fritadeira Airfryer Essential XL Digital, 6.2L de capacidade, Garantia internacional de dois anos, 220V, 2000W (RI9270/91);philips walita preta;Philips;399.9;41.0;2025-11-23;Tela sens√≠vel ao toque com 7 predefini√ß√µes: Toque em um bot√£o e cozinhe. Os programas predefinidos incluem petiscos congelados, batatas fritas frescas, carne, peixe, coxas de frango, bolo e at√© mesmo vegetais grelhados. Al√©m disso, possui a fun√ß√£o manter...;;https://www.amazon.com.br/Walita-Fritadeira-capacidade-internacional-RI9270/dp/B0BRLBBYLT?ref=dlx_black_dg_dcl_B0BRLBBYLT_dt_sl7_4b_pi&pf_rd_r=YVXGCG2VWPFHXF6RERC8&pf_rd_p=126e34da-51c0-4c20-b447-6a9e1693434b&th=1;https://amzn.to/4ih0UVJ
46;AZ;TE;AZ46TE;Tramontina L√¢mpada Smart LED Inteligente E27 10W Wi-Fi + Bluetooth 16 Milh√µes de Cores - Compat√≠vel com Alexa e Google Assistente;tramontina l√¢mpada smart;Tramontina;26.57;54.0;2025-11-23;Crie Ambientes: Crie cen√°rios personalizados e automatize fun√ß√µes. Prepare um ambiente acolhedor para relaxar ou um espa√ßo ideal para estudar e trabalhar. Caracter√≠sticas T√©cnicas: Produto bivolt, com pot√™ncia de 10W. Wi-Fi + Bluetooth 16 Milh√µes de Cores...;;https://www.amazon.com.br/Tramontina-L√¢mpada-Inteligente-Compat√≠vel-Bluetooth/dp/B09HXWRWB4?ref=dlx_black_dg_dcl_B09HXWRWB4_dt_sl7_4b_pi&pf_rd_r=YVXGCG2VWPFHXF6RERC8&pf_rd_p=126e34da-51c0-4c20-b447-6a9e1693434b;https://amzn.to/43LjPlo
47;AZ;IO;AZ47IO;I2GO, Caixa De Som Bluetooth 3 Angle Sound. 12W RMS, Resistente √† √Ågua, Preto;i2go caixa som;I2go;99.9;54.0;2025-11-23;Design Inovador: Formato Triangular desenvolvido para otimizar a propaga√ß√£o sonora no ambiente, proporcionando uma experi√™ncia √∫nica aliada a um design moderno e inovador, ela se destaca adicionando um toque de estilo em qualquer ambiente Capacidade da...;;https://www.amazon.com.br/Caixa-Bluetooth-Angle-Sound-i2GO/dp/B0CKJZLPT9?ref=dlx_black_dg_dcl_B0CKJZLPT9_dt_sl7_4b_pi&pf_rd_r=YVXGCG2VWPFHXF6RERC8&pf_rd_p=126e34da-51c0-4c20-b447-6a9e1693434b;https://amzn.to/43J27z1
48;AZ;SA;AZ48SA;Steck, C√¢mera Inteligente Steck Ambiente Conectado, Seguran√ßa Interna, Wi-Fi, Branca;steck c√¢mera inteligente;Steck;97.4;;2025-11-23;Este modelo de c√¢mera √© fixo. As c√¢meras s√£o compat√≠veis com a Alexa apenas para fun√ß√µes b√°sicas INFORMA√á√ïES ADICIONAIS. A C√¢mera de Seguran√ßa possui tens√£o nominal de 5V DC ¬± 10%, corrente nominal de 1A (entrada micro USB) e temperatura de trabalho de -20...;;https://www.amazon.com.br/C√¢mera-Inteligente-Movimento-Compat√≠vel-Steck/dp/B098667LG8?ref=dlx_black_dg_dcl_B098667LG8_dt_sl7_4b_pi&pf_rd_r=YVXGCG2VWPFHXF6RERC8&pf_rd_p=126e34da-51c0-4c20-b447-6a9e1693434b;https://amzn.to/3LZuoev
49;AZ;BS;AZ49BS;Basike Fone de Ouvido Bluetooth 5.4 OWS, Fone de Ouvido Sem Fio Esportivo HiFi Est√©reo Som, IPX4 √† Prova D'√Ågua, Redu√ß√£o de Ru√≠do ENC, 30h de Autonomia e Case Voz para Corrida e Exerc√≠cios (Preto);basike fone ouvido;Basike;101.0;40.0;2025-11-23;„ÄêConforto Ergon√¥mico para Atividades Intensas„ÄëOur fone esportivo Design over-ear ajust√°vel e materiais ultraleves que garantem seguran√ßa durante corridas, treinos ou uso di√°rio. Resistente a suor e chuva (IPX4), com revestimento anti-umidade para ambientes...;;https://www.amazon.com.br/Basike-Bluetooth-Esportivo-Autonomia-Exerc√≠cios/dp/B0F7LN66B1?ref=dlx_black_dg_dcl_B0F7LN66B1_dt_sl7_4b_pi&pf_rd_r=YVXGCG2VWPFHXF6RERC8&pf_rd_p=126e34da-51c0-4c20-b447-6a9e1693434b&th=1;https://amzn.to/3LZuq67
50;AZ;KA;AZ50KA;Kit 5 Cuecas Boxer Masculina Cavalera Sem Costura, Poliamida;kit 5 cuecas;Kit;59.99;53.0;2025-11-23;;;https://www.amazon.com.br/CAVALERA-Masculina-Costura-Regular-Sortidos/dp/B0DKG648YD?ref=dlx_black_dg_dcl_B0DKG648YD_dt_sl7_4b_pi&pf_rd_r=YVXGCG2VWPFHXF6RERC8&pf_rd_p=126e34da-51c0-4c20-b447-6a9e1693434b&th=1&psc=1;https://amzn.to/4rePvtu
51;AZ;CS;AZ51CS;Carregador Super Turbo 50W Ultra R√°pido Tipo C e USB Com Carregamento R√°pido + Cabo Tipo C Compat√≠vel Com Todos Os Dispositivos, Android, Ios 15/16, Xiaomi - Todos Dispositivos Celulares;carregador super turbo;Carregador;18.89;45.0;2025-11-23;üîãProte√ß√£o avan√ßada: Oferece seguran√ßa contra curto-circuito, sobreaquecimento e sobretens√£o, priorizando a integridade dos dispositivos. üîãCertifica√ß√£o Anatel: Garantia de qualidade e seguran√ßa, com total conformidade √†s normas brasileiras. üîãAlimenta√ß√£o...;;https://www.amazon.com.br/Carregador-Carregamento-Compat√≠vel-Dispositivos-Android/dp/B0F19DYLC5?ref=dlx_black_dg_dcl_B0F19DYLC5_dt_sl7_4b_pi&pf_rd_r=YVXGCG2VWPFHXF6RERC8&pf_rd_p=126e34da-51c0-4c20-b447-6a9e1693434b;https://amzn.to/48bg6yW
52;ML;RO;ML52RO;Kit 6 Pares De Meias Lupo Cano Curto Sport Algod√£o Feminino;Kit meias;Meias;45.99;54.0;2025-11-27;Kit com 6 pares de meias Lupo cano curto sport: macias, respir√°veis e confort√°veis para o dia a dia e treinos. Varias cores, √≥tima durabilidade e feito com materiais reciclados.;;https://produto.mercadolivre.com.br/MLB-1278811691-kit-6-pares-de-meias-lupo-cano-curto-sport-algodo-feminino-_JM#origin%3Dshare%26sid%3Dshare;https://mercadolivre.com/sec/2Wu9HAJ
53;ML;RO;ML53RO;Kit 10 Cuecas Boxer Algod√£o Mash Box Masculina Adulto;Kit de cuecas Mash;Cuecas Mash;139.99;51.0;2025-11-27;Kit com **10 cuecas boxer Mash em cotton** (algod√£o + elastano): macias, el√°sticas e com ajuste perfeito. El√°stico firme de 4 cm, modelagem moderna e √≥timo custo-benef√≠cio. Envio conforme estoque.;;https://produto.mercadolivre.com.br/MLB-1931967899-kit-10-cuecas-boxer-algodo-mash-box-masculina-adulto-_JM?attributes=COLOR_SECONDARY_COLOR%3ATXVsdGljb3IgU2VtIEJyYW5jbw%3D%3D#origin%3Dshare%26sid%3Dshare;https://mercadolivre.com/sec/2JWieP5
54;ML;RO;ML54RO;Kit 3 Camisetas Masculinas Regular Algod√£o Polo Wear Sortido;Kit de camisetas;Camisetas Polo Wear;89.99;25.0;2025-11-27;Kit com 3 camisetas b√°sicas Polo Wear masculina: 100% algod√£o (ou malha mista conforme estoque), corte regular e tecido leve. Gola careca, manga curta e logo jogador. Cores: preta, marinho e branca/off-white.;;https://produto.mercadolivre.com.br/MLB-5186430588-kit-3-camisetas-masculinas-regular-algodo-polo-wear-sortido-_JM#origin%3Dshare%26sid%3Dshare;https://mercadolivre.com/sec/1uGj72Y
55;MA;ES;MA55ES;"Smart TV 55"" TCL 4K UHD QLED 55P7K Google TV AiPQ Google Assistente 3 HDMI 1 USB";TV;Eletroeletr√¥nicos;2174.55;;2025-11-27;Smart TV TCL 55‚Äù QLED 4K UHD (55P7K) com Google TV: imagens n√≠tidas, cores vibrantes e tela antirreflexo. Processador AiPQ com IA otimiza cada cena. Controle por voz com Google Assistente. 3 HDMI + 1 USB.;;https://www.magazinevoce.com.br/magazinecasafacilstore/smart-tv-55-tcl-4k-uhd-qled-55p7k-google-tv-aipq-google-assistente-3-hdmi-1-usb/p/240144600/et/elit/;https://divulgador.magalu.com/lDZHEH8a
56;MA;TA;TA56MA;Travesseiro Nasa Fibrasca de Cabe√ßa Viscoel√°stico - Dupla Face Ultra;travesseiro;Itens de Cama;48.99;;2025-11-27;Travesseiro Ultra Nasa Fibrasca dupla face: um lado em viscoel√°stico (Nasa) que alivia a press√£o e outro com espuma perfilada com toque massageador. Suporte alto e capa em malha macia para mais conforto no sono.;;https://www.magazineluiza.com.br/travesseiro-nasa-fibrasca-de-cabeca-viscoelastico-dupla-face-ultra/p/230543800/cm/tvsc/?&seller_id=magazineluiza&utm_source=google&utm_medium=cpc&utm_term=79720&utm_campaign=google_eco_per_ven_pla_mo_apo_1p_moveis-csp&utm_content=&partner_id=79720&gclsrc=aw.ds&gad_source=1&gad_campaignid=22584792220&gclid=Cj0KCQiAiqDJBhCXARIsABk2kSnr_JhR1f9ruC6KdZMMGWGGZrpGqyhiQrhp-gdJq7IrwZgmf4TxCFcaAmBvEALw_wcB;https://divulgador.magalu.com/EgN2VR7u
57;MA;JE;JE57MA;Jogo de Panelas Brinox Revestimento Cer√¢mico Preto 5 Pe√ßas Carbon Ceramic Life;panelas;Itens de Cozinha;445.23;;2025-11-27;Jogo de Panelas Brinox Ceramic Life Carbon (5 pe√ßas): alum√≠nio leve com revestimento cer√¢mico e fundo para indu√ß√£o, super resistente a impactos. Cabos antit√©rmicos Soft Touch e tampas de vidro com silicone e sa√≠da de vapor para cozimento eficiente.;;https://www.magazineluiza.com.br/jogo-de-panelas-brinox-revestimento-ceramico-preto-5-pecas-carbon-ceramic-life/p/237663000/ud/cjpn/?&seller_id=magazineluiza&utm_source=google&utm_medium=cpc&utm_term=79480&utm_campaign=google_eco_per_ven_pla_lev_apo_1p_ud-csp&utm_content=&partner_id=79480&gclsrc=aw.ds&gad_source=1&gad_campaignid=22416883677&gclid=Cj0KCQiAiqDJBhCXARIsABk2kSk4rA1x3RubHaV0AqEISZb1dXmgjZ9ByKnCGfOVQXM66s-lV7sMtLgaAlZqEALw_wcB;https://divulgador.magalu.com/O1QQ=hlk
58;ML;ES;ML58ES;Fritadeira Air Fryer 4L Mondial 1.500W;Air Fryer;Eletrodom√©sticos;189.0;60.0;2025-11-28;Air Fryer Mondial 4L ‚Äì painel anal√≥gico, cesto remov√≠vel e antiaderente, temperatura at√© 200 ¬∞C e timer. Cozinha r√°pido, sem √≥leo e com muito sabor. Ideal para todas as refei√ß√µes! üçüüî•;;https://www.mercadolivre.com.br/p/MLB22530387?pdp_filters=item_id:MLB4671001438&attributes=COLOR:Preto_vpp,VOLTAGE:127V_vpp#origin=share&sid=share&wid=MLB4671001438&action=copy;https://mercadolivre.com/sec/1ggfn8f
59;AZ;ES;AZ59ES;Kindle Paperwhite;Leitor digital;Eletroeletr√¥nicos;493.05;;2025-11-28;O Kindle mais leve e compacto - Agora com luz frontal mais brilhante na configura√ß√£o m√°xima, maior contraste e trocas de p√°gina mais r√°pidas para uma experi√™ncia de leitura melhor.;;https://a.co/d/cvqtNxw;https://amzn.to/4iobU3w
60;ML;US;ML60US;M√°quina de costura Singer 4411;M√°quina de costura;Utens√≠lios;1049.99;54.0;2025-11-28;M√°quina de Costura Singer 4411 Facilita Pro: motor potente e 1.100 pontos/min para costurar at√© tecidos pesados (jeans e sarja). 11 pontos (69 aplica√ß√µes), casa de bot√£o em 4 passos, bra√ßo livre e base em a√ßo inox. Acompanha v√°rios acess√≥rios.;;https://www.mercadolivre.com.br/maquina-de-costura-reta-singer-facilita-pro-4411-portatil-cinzabranco/p/MLB15162605?pdp_filters=item_id%3AMLB5433908928#origin%3Dshare%26sid%3Dshare%26wid%3DMLB5433908928;https://mercadolivre.com/sec/1LEPbk8
61;ML;US;ML61US;Escova Rotativa 1200W ER-10 Mondial;Escova de cabelo rotativa ;Utens√≠lios;223.67;25.0;2025-11-28;Escova Rotativa Mondial 5 em 1: seca, alisa e modela com rota√ß√£o dupla 360¬∞. Revestimento cer√¢mica + tourmaline √≠on reduz frizz e d√° brilho. 1200W, 3 temperaturas, cabo girat√≥rio e 4 acess√≥rios.;;https://www.mercadolivre.com.br/escova-rotativa-1200w-er-10-mondial/p/MLB22599850?pdp_filters=item_id%3AMLB3867872555#origin%3Dshare%26sid%3Dshare%26wid%3DMLB3867872555;https://mercadolivre.com/sec/1kfvirx
62;SH;RO;SH62RO;Bolsa ba√∫ em couro leg√≠timo ;Bolsa ;Roupa;189.90;38.0;2025-11-29;Bolsa Ba√∫ **Emilly** em couro leg√≠timo: compacta e sofisticada, com **2 compartimentos**, bolsos frontal e traseiro e fechamento em z√≠per. Use na m√£o ou no ombro com **al√ßa transversal ajust√°vel e remov√≠vel**. Medidas: 21x15x10 cm.;;https://shopee.com.br/Bolsa-Ba√∫-em-Couro-Leg√≠timo-Modelo-c-Al√ßa-Transversal-Moda-i.1451666869.22098730012;https://s.shopee.com.br/4AsV23M3CL
